Ngangs,Time
1,0.501733
2,0.44479
4,0.444507
8,0.440325
16,0.45893
32,0.480731
64,0.494582
128,0.486578
256,0.54442
512,0.614593
1024,0.755707
